{
  "best_epoch": 58,
  "val_acc": 0.8070588235294117,
  "test_loss": 1.3269389413384831,
  "test_acc": 0.79
}