{
  "three": 0.5294117647058824,
  "ok": 0.5360824742268041,
  "rock": 0.5982905982905983,
  "like": 0.6024096385542169,
  "two_up_inverted": 0.6185567010309279,
  "four": 0.6666666666666666,
  "one": 0.6875,
  "peace": 0.6966292134831461,
  "middle_finger": 0.7010309278350515,
  "call": 0.7032967032967034,
  "three3": 0.7272727272727273,
  "stop": 0.7272727272727273,
  "two_up": 0.7472527472527473,
  "mute": 0.75,
  "stop_inverted": 0.7596899224806202,
  "point": 0.78,
  "dislike": 0.7850467289719626,
  "palm": 0.7863247863247863,
  "fist": 0.7956989247311828,
  "peace_inverted": 0.8,
  "little_finger": 0.8245614035087719,
  "thumb_index": 0.8478260869565217,
  "three2": 0.8571428571428571,
  "three_gun": 0.8672566371681416,
  "no_gesture": 0.875,
  "grip": 0.8785046728971962,
  "grabbing": 0.8828828828828829,
  "hand_heart": 0.9574468085106383,
  "hand_heart2": 0.9591836734693877,
  "take_picture": 0.9622641509433962,
  "timeout": 0.9696969696969697,
  "xsign": 0.9787234042553191,
  "thumb_index2": 0.9863013698630136,
  "holy": 1.0
}