{
  "train_loss": [
    3.9640462118036606,
    3.701692221024457,
    3.2818658537023206,
    2.725475197399364,
    2.5427374144161448,
    2.2885908182929544,
    1.901257501489976,
    1.676462371489581,
    1.53674222946167,
    1.4519791129056145,
    1.3696345205867992,
    1.3360376262664795,
    1.2975558914857752,
    1.2773543593462775,
    1.2688593527849983,
    1.2636374117346372,
    1.2142955067578485,
    1.1615838522069595,
    1.118188642614028,
    1.0737325873094445,
    1.0387594396927777,
    1.007953537492191,
    0.980937744589413,
    0.9646629743015065,
    0.9379308500009425,
    0.9292545179759755,
    0.9142373156547546,
    0.9040476835475248,
    0.8935993609708898,
    0.8856293296813965,
    0.882087791667265,
    0.8802291797189151,
    0.8774561623965993,
    0.8741854869618135,
    0.8723812129918267,
    0.8813819005910088,
    0.8692554849736831,
    0.8586664132510915,
    0.8400639085208669,
    0.830263020992279,
    0.8180077855727251,
    0.8128483895694508,
    0.8033593727560604,
    0.7926291781313279,
    0.790276670736425,
    0.7803880756041582,
    0.7740860919391408,
    0.7699625663196339,
    0.7676212439817541,
    0.7613339669564191,
    0.7611049290264355,
    0.7546759128570557,
    0.7536542959774242,
    0.7488197994232177,
    0.746412710722755,
    0.7438863371400272,
    0.7411602663993836,
    0.740017528814428,
    0.7401708329425138,
    0.734855564622318,
    0.7362433671951294,
    0.7321904067432179,
    0.7344159061768476,
    0.733293951960171,
    0.7299520641214707,
    0.730104635182549
  ],
  "val_loss": [
    3.8376700917412254,
    3.7108382247476017,
    3.035469862433041,
    2.7988734295788933,
    2.7195135352190802,
    2.2210897221284753,
    1.9410314220540663,
    1.772423719518325,
    1.6734159691193524,
    1.6071442985534667,
    1.564413262535544,
    1.5517306597092573,
    1.5419388367148006,
    1.534213737039005,
    1.524893129573149,
    1.4964121002309463,
    1.4561511970968808,
    1.4374253233741312,
    1.4323911313449635,
    1.4166897678375243,
    1.4162100920957676,
    1.398296146953807,
    1.3892427480922025,
    1.3889660507089951,
    1.3948593717462876,
    1.384044413286097,
    1.388023146461038,
    1.394866776746862,
    1.3926222442178164,
    1.3850140299516565,
    1.3837266857483808,
    1.3797104044521555,
    1.380558515997494,
    1.3777896897933062,
    1.383958940225489,
    1.3749188759747673,
    1.3836397070043227,
    1.3730653950747322,
    1.375812826717601,
    1.3713594489939072,
    1.3632910809797398,
    1.370010604577906,
    1.3614425594666424,
    1.357056650834925,
    1.3539940727458282,
    1.3419675378238454,
    1.3454490630766924,
    1.3388596214967616,
    1.3148580085530002,
    1.327473757126752,
    1.3245427487878239,
    1.3206553164650412,
    1.3182980464486516,
    1.312181988323436,
    1.3095764297597547,
    1.3199803658092724,
    1.306080168275272,
    1.3020472868751076,
    1.3040386014826157,
    1.303059596454396,
    1.3095054954641006,
    1.3005955656837014,
    1.3062945803473978,
    1.304952225404627,
    1.3083282532411462,
    1.2929457916932947
  ],
  "train_acc": [
    0.03691176470588235,
    0.06286764705882353,
    0.15316176470588236,
    0.29816176470588235,
    0.3497058823529412,
    0.4345588235294118,
    0.5691176470588235,
    0.6541176470588236,
    0.7090441176470588,
    0.7410294117647059,
    0.7683088235294118,
    0.7871323529411764,
    0.800514705882353,
    0.8069852941176471,
    0.8105882352941176,
    0.8095588235294118,
    0.8270588235294117,
    0.8490441176470588,
    0.8616176470588235,
    0.8830882352941176,
    0.8973529411764706,
    0.9067647058823529,
    0.9211764705882353,
    0.9258088235294117,
    0.9383088235294118,
    0.9406617647058824,
    0.9463970588235294,
    0.9509558823529412,
    0.9552941176470588,
    0.9574264705882353,
    0.9580147058823529,
    0.9577941176470588,
    0.9610294117647059,
    0.9615441176470588,
    0.9629411764705882,
    0.9568382352941176,
    0.9619117647058824,
    0.964485294117647,
    0.9733823529411765,
    0.9744852941176471,
    0.9774264705882353,
    0.9795588235294118,
    0.9833823529411765,
    0.9853676470588235,
    0.9838235294117647,
    0.9870588235294118,
    0.9889705882352942,
    0.9900735294117647,
    0.9899264705882352,
    0.9927941176470588,
    0.9914705882352941,
    0.9934558823529411,
    0.993014705882353,
    0.995,
    0.9952205882352941,
    0.9950735294117647,
    0.9961029411764706,
    0.9960294117647058,
    0.9955147058823529,
    0.9963970588235294,
    0.9966911764705882,
    0.9973529411764706,
    0.9969117647058824,
    0.9969117647058824,
    0.9972058823529412,
    0.996985294117647
  ],
  "val_acc": [
    0.04470588235294118,
    0.060588235294117644,
    0.22411764705882353,
    0.2664705882352941,
    0.28823529411764703,
    0.44529411764705884,
    0.5511764705882353,
    0.6217647058823529,
    0.6441176470588236,
    0.678235294117647,
    0.6964705882352941,
    0.6970588235294117,
    0.701764705882353,
    0.7041176470588235,
    0.7058823529411765,
    0.71,
    0.7247058823529412,
    0.7358823529411764,
    0.7347058823529412,
    0.7447058823529412,
    0.7441176470588236,
    0.7576470588235295,
    0.76,
    0.7670588235294118,
    0.7594117647058823,
    0.7694117647058824,
    0.7676470588235295,
    0.7658823529411765,
    0.7711764705882352,
    0.768235294117647,
    0.77,
    0.7729411764705882,
    0.7717647058823529,
    0.7717647058823529,
    0.77,
    0.7747058823529411,
    0.7705882352941177,
    0.7788235294117647,
    0.778235294117647,
    0.7758823529411765,
    0.7829411764705883,
    0.79,
    0.7876470588235294,
    0.7835294117647059,
    0.7876470588235294,
    0.7911764705882353,
    0.7894117647058824,
    0.7917647058823529,
    0.7994117647058824,
    0.7929411764705883,
    0.7970588235294118,
    0.7952941176470588,
    0.7976470588235294,
    0.7988235294117647,
    0.8,
    0.7958823529411765,
    0.8011764705882353,
    0.8070588235294117,
    0.8041176470588235,
    0.8011764705882353,
    0.8029411764705883,
    0.8047058823529412,
    0.8070588235294117,
    0.8023529411764706,
    0.8052941176470588,
    0.8058823529411765
  ],